﻿id,Name,Contact,Age,Category of admission,Hospital,Doctor
1,GERALDINE,1234567890,57,ICU,3614,602
2,GIA,1234567890,14,ICU,3728,121
3,GIANNA,1234567890,80,Ventilation,1238,395
4,GISELLE,1234567890,30,Ventilation,849,398
5,GRACE,1234567890,9,ICU,1507,315
6,GUADALUPE,1234567890,37,Normal,1355,597
7,HAILEY,1234567890,25,ICU,4121,178
8,HALEY,1234567890,43,ICU,248,467
9,HANNAH,1234567890,53,Ventilation,2042,38
10,HAYLEE,1234567890,46,Normal,2543,13
11,HAYLEY,1234567890,68,Ventilation,2629,221
12,HAZEL,1234567890,24,Ventilation,813,308
13,HEAVEN,1234567890,71,ICU,3581,34
14,HEIDI,1234567890,67,Ventilation,2482,100
15,HEIDY,1234567890,31,ICU,1785,401
16,HELEN,1234567890,10,Normal,1857,125
17,IMANI,1234567890,72,ICU,952,512
18,INGRID,1234567890,67,ICU,2699,675
19,IRENE,1234567890,40,Normal,3350,357
20,IRIS,1234567890,67,Ventilation,341,515
21,ISABEL,1234567890,54,Normal,3502,194
22,ISABELA,1234567890,55,Normal,2103,418
23,ISABELLA,1234567890,69,Normal,4,624
24,ISABELLE,1234567890,64,ICU,2074,267
25,ISIS,1234567890,56,ICU,4477,364
26,ITZEL,1234567890,40,ICU,79,396
27,IZABELLA,1234567890,33,Normal,603,397
28,JACQUELINE,1234567890,20,ICU,2068,27
29,JADA,1234567890,50,Normal,3556,657
30,JADE,1234567890,71,Normal,2985,331
31,JAELYNN,1234567890,6,ICU,3902,255
32,JAMIE,1234567890,16,Normal,4633,7
33,JANELLE,1234567890,55,ICU,1709,559
34,JASLENE,1234567890,78,Ventilation,81,59
35,JASMIN,1234567890,5,Ventilation,1118,640
36,JASMINE,1234567890,55,Ventilation,796,483
37,JAYDA,1234567890,80,ICU,4068,148
38,JAYLA,1234567890,65,ICU,4480,21
39,JAYLAH,1234567890,26,Normal,3212,670
40,JAYLEEN,1234567890,78,ICU,1197,320
41,JAYLENE,1234567890,62,Normal,3127,40
42,JAYLIN,1234567890,39,Normal,982,671
43,JAYLYN,1234567890,34,ICU,1390,426
44,JAZLYN,1234567890,19,ICU,1772,509
45,JAZMIN,1234567890,18,Normal,3900,328
46,JAZMINE,1234567890,7,ICU,931,36
47,JENNIFER,1234567890,23,ICU,3515,568
48,JESSICA,1234567890,31,Ventilation,3012,586
49,JIMENA,1234567890,27,Ventilation,1055,275
50,JOCELYN,1234567890,69,Normal,3670,11
51,JOHANNA,1234567890,78,ICU,545,290
52,JOSELYN,1234567890,6,Normal,2424,567
53,JULIA,1234567890,54,ICU,4652,179
54,JULIANA,1234567890,13,Ventilation,1304,440
55,JULIANNA,1234567890,60,Ventilation,1911,309
56,JULIET,1234567890,78,ICU,1793,415
57,JULIETTE,1234567890,10,Normal,2600,571
58,JULISSA,1234567890,68,Ventilation,4226,453
59,KAELYN,1234567890,12,Ventilation,4021,80
60,KAILEY,1234567890,9,Ventilation,1280,97
61,KAILYN,1234567890,26,Ventilation,4285,443
62,KAITLYN,1234567890,41,Normal,4409,81
63,KAMILA,1234567890,74,Normal,1044,217
64,KAREN,1234567890,53,ICU,4749,311
65,KARLA,1234567890,50,Ventilation,178,249
66,KATE,1234567890,59,Normal,2536,60
67,KATELYN,1234567890,68,Ventilation,803,661
68,KATELYNN,1234567890,79,ICU,3624,277
69,KATHERINE,1234567890,29,Ventilation,704,666
70,KATIE,1234567890,35,ICU,4282,433
71,KAYLA,1234567890,74,Normal,1901,221
72,KAYLEE,1234567890,74,Ventilation,1518,543
73,KAYLEEN,1234567890,39,Normal,864,593
74,KAYLEIGH,1234567890,28,Normal,3343,8
75,KAYLIE,1234567890,7,ICU,2913,244
76,KAYLIN,1234567890,15,Normal,2657,114
77,KEILY,1234567890,21,ICU,4393,166
78,KELLY,1234567890,40,Normal,4009,260
79,KEYLA,1234567890,53,Ventilation,3445,38
80,KHLOE,1234567890,17,Ventilation,4325,417
81,KIARA,1234567890,49,Ventilation,1492,314
82,KIMBERLY,1234567890,59,Ventilation,2519,345
83,KRYSTAL,1234567890,5,Ventilation,1649,155
84,KYLEE,1234567890,7,Normal,3018,355
85,KYLIE,1234567890,43,Ventilation,711,569
86,LAILA,1234567890,29,ICU,2790,480
87,LAURA,1234567890,5,Ventilation,3294,568
88,LAUREN,1234567890,23,Ventilation,2740,606
89,LAYLA,1234567890,13,Ventilation,3170,78
90,LEA,1234567890,59,ICU,2253,697
91,LEAH,1234567890,35,Normal,493,56
92,LEILA,1234567890,46,Ventilation,658,448
93,LEILANI,1234567890,31,ICU,2684,429
94,LESLEY,1234567890,35,Normal,2256,476
95,LESLIE,1234567890,28,ICU,2128,320
96,LESLY,1234567890,72,Ventilation,3927,110
97,LEYLA,1234567890,15,Normal,1065,56
98,LIA,1234567890,54,Normal,3283,166
99,LIANA,1234567890,40,Normal,4644,455
100,LILIANA,1234567890,75,Ventilation,2258,342
101,LILY,1234567890,15,Ventilation,3377,172
102,LINDSAY,1234567890,30,Normal,2033,623
103,LIZBETH,1234567890,23,Normal,2803,613
104,LONDON,1234567890,53,Normal,3526,347
105,LUCIA,1234567890,19,Ventilation,1629,618
106,LUNA,1234567890,70,Ventilation,203,127
107,LUZ,1234567890,58,Normal,270,558
108,MADELINE,1234567890,17,ICU,402,419
109,MADELYN,1234567890,52,Normal,4086,352
110,MADISON,1234567890,34,ICU,3034,22
111,MAKAYLA,1234567890,6,ICU,3835,3
112,MARIA,1234567890,59,ICU,2581,393
113,MARIAH,1234567890,60,Ventilation,3749,358
114,MARIANA,1234567890,72,Ventilation,2029,181
115,MARILYN,1234567890,38,Normal,91,658
116,MARISOL,1234567890,77,ICU,433,158
117,MAYA,1234567890,22,Ventilation,1778,212
118,MEGAN,1234567890,60,Ventilation,2837,105
119,MELANIE,1234567890,13,Ventilation,4493,598
120,MELANY,1234567890,80,Ventilation,2048,151
121,MELISSA,1234567890,33,Normal,610,595
122,MELODY,1234567890,9,ICU,444,249
123,MIA,1234567890,32,Ventilation,461,84
124,MIAH,1234567890,40,ICU,3829,144
125,MICHELLE,1234567890,36,Normal,344,444
126,MIKAELA,1234567890,80,Normal,464,203
127,MIKAYLA,1234567890,49,Normal,4297,64
128,MILA,1234567890,64,ICU,3142,289
129,MILEY,1234567890,71,ICU,1633,118
130,MIRANDA,1234567890,5,ICU,732,66
131,MIRIAM,1234567890,55,Normal,4445,378
132,MYA,1234567890,13,ICU,3221,646
133,NADIA,1234567890,44,ICU,2831,8
134,NANCY,1234567890,15,ICU,4661,631
135,NAOMI,1234567890,46,Normal,4313,256
136,NATALIA,1234567890,49,Ventilation,2038,286
137,NATALIE,1234567890,17,ICU,236,672
138,NATALY,1234567890,63,Normal,4588,423
139,NATASHA,1234567890,28,Ventilation,3552,660
140,NATHALIA,1234567890,13,ICU,1416,427
141,NATHALIE,1234567890,29,Normal,1097,377
142,NATHALY,1234567890,26,Normal,4026,444
143,NAYELI,1234567890,64,Normal,3801,42
144,NEVAEH,1234567890,54,Normal,1389,257
145,NICOLE,1234567890,63,Normal,2987,331
146,NINA,1234567890,16,Ventilation,3966,480
147,NOEMI,1234567890,72,Normal,1830,298
148,NYLA,1234567890,56,Normal,268,25
149,OLIVIA,1234567890,26,Normal,4569,73
150,PAOLA,1234567890,22,Normal,858,609
151,PENELOPE,1234567890,54,ICU,2482,630
152,PERLA,1234567890,54,Normal,2498,419
153,RACHEL,1234567890,25,ICU,3938,639
154,RAQUEL,1234567890,9,ICU,4277,317
155,REBECCA,1234567890,20,Ventilation,1013,264
156,RIHANNA,1234567890,44,Ventilation,1735,477
157,RILEY,1234567890,75,Normal,948,516
158,ROSA,1234567890,25,ICU,190,633
159,ROSE,1234567890,59,ICU,2972,132
160,ROSELYN,1234567890,71,ICU,4006,573
161,RUBY,1234567890,12,Ventilation,1238,525
162,SABRINA,1234567890,51,ICU,4159,159
163,SADIE,1234567890,62,Ventilation,3148,24
164,SAMANTHA,1234567890,59,ICU,3810,126
165,SAMARA,1234567890,41,ICU,1852,595
166,SARA,1234567890,51,ICU,555,598
167,SARAH,1234567890,64,Normal,3816,467
168,SARAI,1234567890,70,Normal,368,114
169,SARIAH,1234567890,36,ICU,1038,551
170,SASHA,1234567890,52,Normal,3730,528
171,SAVANNA,1234567890,37,ICU,1044,115
172,SAVANNAH,1234567890,61,ICU,3674,177
173,SCARLET,1234567890,27,ICU,3405,513
174,SCARLETT,1234567890,77,Normal,3543,98
175,SELENA,1234567890,77,Ventilation,4414,153
176,SERENITY,1234567890,58,ICU,1887,398
177,SHERLYN,1234567890,21,Ventilation,649,79
178,SHIRLEY,1234567890,56,Normal,2985,587
179,SIENNA,1234567890,76,Normal,2303,269
180,SKYLA,1234567890,62,Normal,3668,232
181,SKYLAR,1234567890,25,Normal,1486,48
182,SOFIA,1234567890,70,ICU,826,122
183,SOPHIA,1234567890,57,Ventilation,4662,269
184,SOPHIE,1234567890,61,Normal,1617,311
185,STACY,1234567890,9,Ventilation,3481,117
186,STELLA,1234567890,49,Ventilation,1564,603
187,STEPHANIE,1234567890,70,ICU,1498,307
188,STEPHANY,1234567890,48,Ventilation,3788,396
189,TATIANA,1234567890,5,Ventilation,2071,453
190,TAYLOR,1234567890,51,Normal,2375,18
191,TIANA,1234567890,58,Normal,537,283
192,TIFFANY,1234567890,29,Normal,4354,310
193,VALENTINA,1234567890,66,ICU,1997,201
194,VALERIA,1234567890,50,ICU,232,501
195,VALERIE,1234567890,45,ICU,77,196
196,VANESSA,1234567890,28,Normal,3516,424
197,VERONICA,1234567890,80,Ventilation,3882,567
198,VICTORIA,1234567890,5,Ventilation,3180,424
199,VIOLET,1234567890,49,Normal,3167,193
200,VIVIANA,1234567890,7,Normal,2147,42
201,WENDY,1234567890,54,Normal,134,657
202,XIMENA,1234567890,26,ICU,1214,636
203,YAMILET,1234567890,53,Normal,4356,98
204,YARETZI,1234567890,61,Normal,2643,87
205,ZOE,1234567890,49,Ventilation,4103,593
206,ZOEY,1234567890,8,Ventilation,3586,604
207,ABIGAIL,1234567890,73,Ventilation,996,526
208,ADDISON,1234567890,34,Ventilation,4043,636
209,ADELE,1234567890,36,Normal,1528,500
210,ADELINE,1234567890,43,Normal,1725,660
211,ADINA,1234567890,28,Ventilation,4239,354
212,ADRIANA,1234567890,29,Normal,4587,122
213,ADRIANNA,1234567890,17,Ventilation,1060,125
214,AHUVA,1234567890,44,Ventilation,4755,116
215,ALESSANDRA,1234567890,43,Normal,1303,247
216,ALESSIA,1234567890,17,Ventilation,480,692
217,ALEXA,1234567890,41,Ventilation,3937,43
218,ALEXANDRA,1234567890,25,ICU,3511,300
219,ALEXIS,1234567890,30,Ventilation,2260,238
220,ALICE,1234567890,41,ICU,1510,354
221,ALICIA,1234567890,55,Normal,589,459
222,ALINA,1234567890,60,Normal,4749,205
223,ALISA,1234567890,17,Ventilation,4668,105
224,ALIZA,1234567890,44,Ventilation,2499,565
225,ALLISON,1234567890,14,ICU,3901,114
226,ALYSSA,1234567890,38,ICU,2939,594
227,AMANDA,1234567890,9,Ventilation,1506,265
228,AMELIA,1234567890,55,Normal,2053,512
229,AMELIE,1234567890,14,Ventilation,377,16
230,AMINA,1234567890,10,ICU,3162,411
231,AMIRA,1234567890,75,ICU,3396,363
232,AMY,1234567890,11,Normal,2616,595
233,ANASTASIA,1234567890,30,ICU,3222,34
234,ANGELICA,1234567890,13,Ventilation,1847,50
235,ANGELINA,1234567890,35,Normal,1725,408
236,ANNA,1234567890,65,Ventilation,3186,505
237,ANNABEL,1234567890,51,Ventilation,2537,194
238,ANNABELLE,1234567890,44,Normal,3895,37
239,ARIANA,1234567890,16,Normal,2970,261
240,ARIANNA,1234567890,55,Normal,1404,137
241,ARIEL,1234567890,58,Ventilation,2776,374
242,ARIELA,1234567890,39,Ventilation,2405,57
243,ARIELLA,1234567890,17,Normal,1768,233
244,ASHLEY,1234567890,54,Normal,2065,277
245,ATARA,1234567890,7,ICU,4674,374
246,AUBREY,1234567890,51,Ventilation,3518,499
247,AUDREY,1234567890,46,Normal,1724,174
248,AUTUMN,1234567890,66,Normal,2213,239
249,AVA,1234567890,24,Ventilation,756,636
250,AVERY,1234567890,30,Ventilation,3941,44
251,AVIGAIL,1234567890,22,Normal,4528,530
252,AVIVA,1234567890,75,ICU,802,105
253,AYLA,1234567890,18,Normal,697,566
254,BAILA,1234567890,52,Normal,3597,662
255,BARBARA,1234567890,35,ICU,4441,60
256,BATSHEVA,1234567890,52,ICU,2339,632
257,BATYA,1234567890,20,ICU,3964,177
258,BEATRICE,1234567890,5,ICU,1006,246
259,BELLA,1234567890,50,Normal,1408,584
260,BIANCA,1234567890,32,Normal,3336,44
261,BLAKE,1234567890,44,Ventilation,1402,340
262,BLIMA,1234567890,49,ICU,4435,62
263,BLIMY,1234567890,66,ICU,1013,453
264,BRACHA,1234567890,55,Ventilation,2415,166
265,BREINDY,1234567890,22,Ventilation,259,61
266,BRIANNA,1234567890,80,ICU,451,57
267,BRIDGET,1234567890,30,Ventilation,3190,322
268,BROOKE,1234567890,37,ICU,2018,208
269,BROOKLYN,1234567890,14,Ventilation,1730,44
270,BRUCHA,1234567890,55,Ventilation,2779,574
271,BRUCHY,1234567890,47,Normal,1766,33
272,BRYNN,1234567890,67,Ventilation,822,634
273,CAITLIN,1234567890,21,Normal,3373,498
274,CAMERON,1234567890,14,Ventilation,3961,527
275,CAROLINE,1234567890,64,ICU,693,308
276,CASEY,1234567890,29,Normal,1190,451
277,CATHERINE,1234567890,35,Ventilation,4250,524
278,CECILIA,1234567890,12,Ventilation,118,620
279,CELIA,1234567890,49,Normal,3762,663
280,CHANA,1234567890,47,Normal,1725,74
281,CHANY,1234567890,15,Ventilation,940,75
282,CHARLIE,1234567890,57,ICU,916,390
283,CHARLOTTE,1234567890,7,Ventilation,1536,375
284,CHAVA,1234567890,41,Ventilation,4703,127
285,CHAVY,1234567890,61,Ventilation,1049,698
286,CHAYA,1234567890,5,Ventilation,2177,361
287,CHLOE,1234567890,63,Ventilation,2129,524
288,CHRISTINA,1234567890,54,Normal,3347,183
289,CLAIRE,1234567890,49,Normal,313,190
290,CLARA,1234567890,15,Normal,3058,177
291,COLETTE,1234567890,18,ICU,3579,692
292,CORA,1234567890,76,Ventilation,4490,462
293,DAHLIA,1234567890,26,Ventilation,2925,377
294,DAISY,1234567890,40,Ventilation,834,248
295,DALIA,1234567890,61,ICU,2499,403
296,DANIELA,1234567890,71,Normal,2495,80
297,DANIELLA,1234567890,31,ICU,4733,69
298,DANIELLE,1234567890,5,Normal,2587,456
299,DEVORA,1234567890,26,Ventilation,2831,189
